{"train_pred": [2160.378662109375, 1401.880126953125, 1080.66162109375, 871.6022338867188, 787.477783203125, 727.5488891601562, 868.9168090820312, 688.2464599609375, 597.256591796875, 984.8985595703125, 862.8214721679688, 812.1188354492188, 751.937255859375, 711.2123413085938, 738.7348022460938, 666.6898193359375, 603.0916748046875, 1018.902099609375, 707.9810180664062, 580.6600952148438, 304.9213562011719, 440.08837890625, 470.1218566894531, 457.22003173828125, 527.625244140625, 462.61761474609375, 466.521728515625, 511.69769287109375, 488.8035583496094, 537.0037841796875, 475.1732482910156, 515.0879516601562, 504.5829772949219, 531.431640625, 552.5912475585938, 467.45745849609375, 458.11749267578125, 508.3275146484375, 431.0687255859375, 443.7838439941406, 476.0819091796875], "test1_pred": [1734.444091796875, 1606.4678955078125, 1611.5001220703125, 614.6256713867188, 1004.5470581054688, 933.2927856445312, 996.5665283203125, 603.1406860351562, 538.3494873046875, 1026.7547607421875, 913.7138061523438, 742.4414672851562, 765.0064086914062, 717.9502563476562, 624.3450927734375, 730.1488647460938, 630.9285278320312, 581.2593383789062, 1016.9635620117188, 627.45849609375, 449.0242919921875, 344.731201171875, 569.9649658203125, 516.0361328125, 423.5005187988281, 471.5445251464844, 428.2740173339844, 509.8134460449219, 513.03515625, 601.5148315429688, 396.39947509765625, 625.8515625, 532.4475708007812, 493.39837646484375, 544.4178466796875, 613.9539184570312, 558.5087890625, 726.0972900390625, 527.547607421875, 440.7956237792969, 410.7376403808594, 1088.999267578125], "test2_pred": [1229.7471923828125, 1384.867431640625, 1113.5635986328125, 1198.2000732421875, 957.0557861328125, 586.8479614257812, 1448.160400390625, 996.4746704101562, 1012.0180053710938, 1513.04638671875, 862.3351440429688, 867.4850463867188, 972.733154296875, 911.854248046875, 840.242431640625, 1708.3978271484375, 1463.478759765625, 1344.441650390625, 1229.421875, 1080.13916015625, 804.6300659179688, 1035.4305419921875, 1154.9036865234375, 1174.72705078125, 1229.7728271484375, 1024.566162109375, 634.4400024414062, 842.7296142578125, 1054.1004638671875, 763.2785034179688, 1347.206298828125, 1370.424560546875, 1187.64013671875, 1198.570556640625, 1287.0284423828125, 1515.890625, 1093.0548095703125, 1116.6231689453125, 1089.306640625, 1662.97509765625]}