{"train_pred": [2150.3564453125, 1429.057861328125, 1046.2396240234375, 861.643798828125, 809.8304443359375, 720.10986328125, 868.0714721679688, 722.695556640625, 596.9979248046875, 930.9808349609375, 849.3019409179688, 821.83642578125, 765.5853881835938, 725.3641967773438, 739.109619140625, 655.45458984375, 598.44140625, 1033.864013671875, 707.2491455078125, 585.3148193359375, 300.66650390625, 421.1227722167969, 446.4912414550781, 506.1196594238281, 500.8674011230469, 465.1645202636719, 515.6957397460938, 466.5967712402344, 489.7286071777344, 509.8509521484375, 458.5545654296875, 493.7479248046875, 498.2784423828125, 508.9504699707031, 557.8258056640625, 455.0252685546875, 478.4501953125, 487.2943115234375, 428.46240234375, 449.4677429199219, 491.74725341796875], "test1_pred": [1810.54833984375, 1847.2918701171875, 1648.5633544921875, 618.7128295898438, 891.1639404296875, 918.83447265625, 952.7205200195312, 598.54296875, 486.466796875, 1053.36572265625, 896.0343017578125, 786.6650390625, 794.5146484375, 762.3027954101562, 571.0476684570312, 722.4361572265625, 645.9257202148438, 601.3312377929688, 1066.7978515625, 659.1348266601562, 472.6148681640625, 272.0143127441406, 533.269287109375, 503.03411865234375, 444.6361389160156, 508.7236633300781, 406.2592468261719, 492.0105285644531, 501.2511291503906, 529.3666381835938, 414.9413146972656, 574.2391357421875, 531.1210327148438, 597.160888671875, 530.8685913085938, 604.8629760742188, 525.8728637695312, 619.057373046875, 481.80767822265625, 481.7706604003906, 411.8437805175781, 1035.0440673828125], "test2_pred": [1123.3199462890625, 1274.381591796875, 1215.1136474609375, 1137.1258544921875, 917.292724609375, 563.4912109375, 1387.514892578125, 949.480712890625, 985.7283325195312, 1356.7391357421875, 829.043701171875, 816.0023803710938, 910.270751953125, 942.2903442382812, 798.7265014648438, 1589.008056640625, 1408.7618408203125, 1265.5802001953125, 1179.4837646484375, 1057.9510498046875, 764.6461791992188, 949.8372802734375, 1063.3895263671875, 1084.190185546875, 1266.02978515625, 979.6533203125, 559.4130859375, 813.0899658203125, 1082.0460205078125, 757.732421875, 1317.62548828125, 1292.2406005859375, 1129.7437744140625, 1078.88330078125, 1217.0570068359375, 1369.2822265625, 1004.6761474609375, 1011.8807373046875, 1038.65234375, 1612.4930419921875]}